dist_mm,mag_fit
0.20050251256281407,682.1483920777596
0.21512673708269917,677.9393989995634
0.2297509616025843,673.7563762570569
0.2443751861224694,669.5991636080338
0.2589994106423545,665.4676017990149
0.2736236351622396,661.3615325591471
0.28824785968212474,657.2807985941402
0.30287208420200984,653.2252435802415
0.31749630872189494,649.1947121582473
0.33212053324178004,645.1890499275518
0.34674475776166513,641.2081034402318
0.36136898228155023,637.2517201951688
0.37599320680143533,633.3197486322067
0.39061743132132043,629.4120381263466
0.40524165584120553,625.5284389819759
0.4198658803610907,621.6688024271341
0.4344901048809758,617.8329806078135
0.4491143294008609,614.020826582296
0.46373855392074603,610.232194315523
0.47836277844063113,606.4669386735019
0.49298700296051623,602.7249154177459
0.5076112274804013,599.0059811997489
0.5222354520002864,595.309993555494
0.5368596765201715,591.6368108999958
0.5514839010400566,587.9862925218769
0.5661081255599417,584.3582985779776
0.5807323500798268,580.7526900879986
0.5953565745997119,577.1693289291769
0.609980799119597,573.608077830995
0.6246050236394822,570.0688003699219
0.6392292481593673,566.5513609641877
0.6538534726792524,563.055624868589
0.6684776971991375,559.5814581693277
0.6831019217190226,556.1287277788804
0.6977261462389077,552.6973014309012
0.7123503707587928,549.2870476751538
0.7269745952786779,545.8978358724761
0.741598819798563,542.5295361897766
0.7562230443184481,539.1820195950598
0.7708472688383332,535.8551578524837
0.7854714933582183,532.548823517447
0.8000957178781034,529.2628899317076
0.8147199423979885,525.9972312185304
0.8293441669178736,522.7517222778646
0.8439683914377587,519.5262387815526
0.8585926159576439,516.3206571685661
0.873216840477529,513.1348546402734
0.8878410649974141,509.96870915573504
0.9024652895172992,506.82209942702895
0.9170895140371843,503.6949049146039
0.9317137385570694,500.5870058226619
0.9463379630769545,497.49828309456916
0.9609621875968396,494.42861840829545
0.9755864121167247,491.37789417188134
0.9902106366366098,488.3459935189333
1.004834861156495,485.33280030414716
1.01945908567638,482.33819909885864
1.0340833101962652,479.36207518662167
1.0487075347161503,476.40431455881355
1.0633317592360354,473.4648039102681
1.0779559837559205,470.5434306349344
1.0925802082758056,467.6400828215641
1.1072044327956907,464.75464924942327
1.1218286573155758,461.88701938403284
1.136452881835461,459.03708337293335
1.151077106355346,456.20473204147737
1.165701330875231,453.38985688864705
1.1803255553951162,450.5923500828975
1.1949497799150013,447.81210445802645
1.2095740044348866,445.0490135090686
1.2241982289547717,442.30297138821555
1.2388224534746568,439.5738729007616
1.253446677994542,436.86161350107335
1.268070902514427,434.166089288585
1.282695127034312,431.4871970038184
1.2973193515541972,428.8248340244268
1.3119435760740823,426.17889836126443
1.3265678005939674,423.54928865447897
1.3411920251138525,420.9359041696287
1.3558162496337376,418.3386447938239
1.3704404741536227,415.75741103189125
1.3850646986735078,413.1921040025632
1.3996889231933929,410.642625434689
1.414313147713278,408.10887766347116
1.428937372233163,405.59076362672346
1.4435615967530482,403.08818686115285
1.4581858212729333,400.6010514986645
1.4728100457928184,398.12926226268877
1.4874342703127035,395.6727244645319
1.5020584948325886,393.2313439997482
1.516682719352474,390.80502734453574
1.531306943872359,388.393681552153
1.545931168392244,385.9972142493586
1.5605553929121292,383.6155336328729
1.5751796174320143,381.2485484658608
1.5898038419518994,378.8961680744368
1.6044280664717845,376.55830234419176
1.6190522909916696,374.23486171674057
1.6336765155115547,371.9257571862914
1.6483007400314398,369.63090029623584
1.6629249645513249,367.35020313576103
1.67754918907121,365.08357833648114
1.692173413591095,362.83093906909113
1.7067976381109802,360.59219904004027
1.7214218626308653,358.36727248822626
1.7360460871507504,356.15607418171027
1.7506703116706355,353.95851941445164
1.7652945361905206,351.774524003063
1.7799187607104057,349.60400428358554
1.7945429852302908,347.44687710828396
1.8091672097501759,345.3030598424611
1.823791434270061,343.1724703612926
1.838415658789946,341.055027046681
1.8530398833098312,338.9506487841287
1.8676641078297163,336.85925495963096
1.8822883323496014,334.78076545658786
1.8969125568694867,332.7151006527348
1.9115367813893718,330.6621814170929
1.9261610059092569,328.621929106937
1.940785230429142,326.5942655647837
1.955409454949027,324.57911311539704
1.9700336794689122,322.57639456281265
1.9846579039887973,320.58603318738113
1.9992821285086824,318.6079527428285
2.0139063530285672,316.6420774533359
2.0285305775484526,314.6883320106364
2.0431548020683374,312.74664157113034
2.0577790265882228,310.816931753018
2.0724032511081076,308.8991286334507
2.087027475627993,306.99315874569817
2.101651700147878,305.0989490763351
2.116275924667763,303.21642706244336
2.130900149187648,301.3455205888331
2.1455243737075333,299.48615798527914
2.1601485982274182,297.6382680237767
2.1747728227473035,295.80177991581155
2.1893970472671884,293.97662330964926
2.2040212717870737,292.16272828763954
2.218645496306959,290.3600253635382
2.233269720826844,288.56844547984537
2.2478939453467293,286.78792000515944
2.262518169866614,285.01838073154886
2.2771423943864995,283.25975987193823
2.2917666189063843,281.51199005751266
2.3063908434262697,279.775004335136
2.3210150679461545,278.0487361647866
2.33563929246604,276.3331194170081
2.3502635169859247,274.62808837037636
2.36488774150581,272.9335777089815
2.379511966025695,271.249522519926
2.3941361905455802,269.57585829083814
2.408760415065465,267.91252090740045
2.4233846395853504,266.25944665089355
2.4380088641052353,264.6165721957556
2.4526330886251206,262.9838346071563
2.467257313145006,261.3611713385859
2.481881537664891,259.748520229459
2.496505762184776,258.1458195027338
2.511129986704661,256.5530077625452
2.5257542112245464,254.97002399185288
2.5403784357444312,253.39680755010414
2.5550026602643165,251.83329817091055
2.5696268847842014,250.2794359597397
2.5842511093040867,248.73516139162
2.5988753338239716,247.2004153088616
2.613499558343857,245.675138918789
2.628123782863742,244.1592737914896
2.642748007383627,242.65276185757506
2.657372231903512,241.15554540595696
2.6719964564233973,239.66756708163572
2.686620680943282,238.1887698835039
2.7012449054631675,236.7190971621623
2.7158691299830524,235.25849261775
2.7304933545029377,233.80690029778734
2.7451175790228226,232.36426459503298
2.759741803542708,230.9305302453533
2.774366028062593,229.50564232560578
2.788990252582478,228.08954625153436
2.803614477102363,226.68218777567924
2.8182387016222483,225.2835129852981
2.8328629261421336,223.89346830030127
2.8474871506620185,222.512000471199
2.862111375181904,221.13905657706152
2.8767355997017887,219.77458402349208
2.891359824221674,218.41853054061164
2.905984048741559,217.07084418105723
2.9206082732614442,215.7314733179913
2.935232497781329,214.40036664312433
2.9498567223012144,213.0774731647494
2.9644809468210993,211.76274220578867
